State,Year,Total Banks,Avg ROA,Avg Capital Ratio,Total Assets,Avg Uninsured Deposit Pct
AK,2018,5,1.1199874297855792,21.49577295101753,25770171,29.69382226052748
AK,2019,5,1.1396486071464034,21.68045812323107,26717125,29.636196785919843
AK,2020,5,1.0766559861046523,14.247998865951734,31850524,31.961806146492357
AK,2021,5,1.2807920486443412,14.534423316589715,38740201,37.03418219146677
AK,2022,6,0.3817411290478812,38.04108243683719,39815215,37.98891100867691
AK,2023,6,-0.30990157909092586,12.319212136092068,40763607,33.71051030425138
AK,2024,5,1.0868185492317548,14.549373479539573,40315085,33.73471921957703
AK,2025,5,1.365742539206722,14.647686403913998,41185081,32.48852732431274
AL,2018,120,0.970837626851958,22.304589271499538,1065629531,21.865454679942484
AL,2019,118,0.9469634984025187,21.745825274151468,1048868619,22.160732691846828
AL,2020,110,0.8330990363271965,9.823877793549116,1160646650,23.791385371092716
AL,2021,107,1.0319670217974288,8.669388496311354,1137839055,26.394468111486628
AL,2022,99,0.9358427774118353,8.28223499860307,874891983,28.375362704744642
AL,2023,97,1.0793058542060283,8.154973350814663,859986125,28.13661411443555
AL,2024,96,0.8415948745573989,8.184290105827106,883560988,29.176439130950968
AL,2025,96,0.9708543745727954,7.067386457572771,908607515,30.100065246638668
AR,2018,96,1.0972751537881955,18.624471377155267,422982359,20.33911934746492
AR,2019,93,1.1359350499042375,18.473584699702723,445238061,20.78580463238197
AR,2020,87,1.1621451217237162,8.923411603192907,514685600,23.00018864446997
AR,2021,86,1.4622778835413,9.060988623152545,566559733,25.681857985260365
AR,2022,84,1.2109914933156947,8.770082459743078,614667695,27.245726160808896
AR,2023,82,1.2427677321313368,8.203203737149753,658463672,25.950751226080545
AR,2024,81,1.0912464356555163,8.580252953942766,690435948,26.261577670537243
AR,2025,78,1.1887695404152467,8.090281699664473,712137532,26.221833750773477
AZ,2018,15,0.6399687586551326,17.831627932249656,104138609,29.100122746066972
AZ,2019,15,1.1043916430410878,17.791296412808723,120196679,30.319790892510813
AZ,2020,13,1.2921621979077889,10.466673693240999,149907661,35.81262033388774
AZ,2021,13,1.3266875916376029,11.56811953307273,225083002,39.38388566245437
AZ,2022,17,-1.7590459176724058,11.186261275154491,286442054,43.35233341063757
AZ,2023,16,-3.278300459648743,19.796879343121518,296262556,37.679668372817346
AZ,2024,15,-1.3007774146594946,20.396105055466936,665391350,33.72543756408614
AZ,2025,15,0.4275893804700442,11.587893045777212,798758586,33.23242391909638
CA,2018,175,1.3027899187536347,38.08089061946464,3193559514,54.19228131653727
CA,2019,160,1.3904270305785327,32.63275159375735,3434640198,50.241488489223585
CA,2020,154,1.1241257009971046,19.503903160074753,3944128507,41.27422481657462
CA,2021,151,1.464172374528493,20.97984596500224,4717976901,44.31349574133491
CA,2022,139,1.3444361394958835,22.84972373784212,4826254713,44.93815496378715
CA,2023,137,1.136406683684315,34.872361783885424,2642177019,37.372310948007566
CA,2024,134,1.1372620273641247,22.137611884647484,2267878723,36.756561865149955
CA,2025,129,1.483477521908909,18.36906303908581,2311691818,37.85372704995057
CO,2018,82,1.1865990582709816,21.136448394562183,255726503,21.551907218765624
CO,2019,77,1.1809799165439911,23.453634297032792,235767012,22.68632904796142
CO,2020,74,0.8106238702962368,17.599056790502992,276428402,24.690951373889018
CO,2021,74,0.9990271125507039,15.960999940053185,321729850,27.76548483842251
CO,2022,73,0.7805060050144808,15.821665795664948,351177661,29.128809135821456
CO,2023,71,1.0074600003220207,17.95889047609211,403255091,25.916674553393246
CO,2024,69,0.5121152898500689,17.710763089917197,390123759,24.896731806640542
CO,2025,66,0.8871179254141688,17.856978390931832,319049793,25.156241883711925
CT,2018,41,1.333261622025249,24.30494992212489,449707075,21.66316297608078
CT,2019,38,2.383734715270685,24.700312054144934,469665316,23.08392668717432
CT,2020,35,1.0461137842779409,18.683525262758877,507758888,25.045619465526574
CT,2021,32,2.1036046478177415,21.123219222021753,540369644,28.58946624453489
CT,2022,32,1.3234602099164854,24.65738315005291,490152352,29.39449875932006
CT,2023,30,0.8115096355506206,11.041789172387375,454494424,25.984011864519196
CT,2024,29,0.7621684341710913,11.29439278343939,470074550,25.13661262901703
CT,2025,29,0.8642065462401746,11.715298650197736,494579630,26.23852243904639
DC,2018,3,0.31871308233926604,16.80362470412622,4763206,31.270226594105395
DC,2019,3,0.4515469420988765,16.079223306482653,5304507,32.076929641392304
DC,2020,4,-1.3159157696531576,8.280974421699701,6381976,32.05607779567332
DC,2021,4,-0.3937378004092965,8.947993483449032,9222747,35.714636655277374
DC,2022,4,0.11716743885090893,11.52474114939382,10878120,32.65644232257754
DC,2023,4,0.36170492472909627,11.267808537629922,11737001,33.26736785600822
DC,2024,4,0.5666580324708865,11.163125390256461,12553308,31.161032758895704
DC,2025,4,-0.06908440036008501,11.005773416025441,12591693,31.548353735618704
DE,2018,31,6.451437297708784,1238.278518311749,4243803980,39.83239790053677
DE,2019,32,6.308068324795255,337.80822758096355,4076506704,37.62478873040905
DE,2020,31,8.34161875283083,121.7971845808348,4540534426,41.66491349522488
DE,2021,29,10.179681993434333,117.72656164937366,4839269333,43.12855634311834
DE,2022,29,10.627348284616492,131.38901179629718,5078885173,38.97233763337715
DE,2023,27,11.832962211716907,141.18227810929113,5128734936,37.76539886341106
DE,2024,26,11.410487106296317,143.94247374796836,5181191473,40.12418742892945
DE,2025,26,11.536266880852594,143.86448410077818,4666567224,41.86879677990216
FL,2018,131,1.052188466453166,29.87410608093738,783154588,28.776844031531503
FL,2019,118,1.0766254553150385,32.061762113945846,801708763,30.774197639286264
FL,2020,107,0.8268447367000931,25.559512669898602,945088392,33.5846140463642
FL,2021,105,1.329596662846872,27.404860235234377,1034165279,39.26654184275723
FL,2022,100,0.9378731813783212,26.71351806185057,1114191740,40.25363648889802
FL,2023,94,1.2741193224392688,23.16797268589204,1144909767,35.7733163785339
FL,2024,90,1.2709636740867836,23.28063010277538,1196072028,35.82037500154741
FL,2025,90,1.169735255398048,21.876283236561196,1338666937,37.06405446055753
FM,2018,1,1.4389786520362884,40.1626900556775,660807,59.89648624732841
FM,2019,1,1.5095937187479997,37.63391211293343,700596,59.97139772661148
FM,2020,1,1.2724141963605125,41.781079128550076,750481,58.83387407659603
FM,2021,1,0.8725597942282638,42.29047671404078,832530,58.8586506568401
FM,2022,1,0.9719282049718054,42.127978100314614,860375,61.279149851530136
FM,2023,1,1.5510669193128872,44.37170195866277,876726,60.84997734728975
FM,2024,1,1.70437084517054,47.98800118636552,923108,54.63185584134426
FM,2025,1,1.5598577878883073,49.69826513517708,1056366,64.59729624431154
GA,2018,177,1.2463856806356366,20.759974503203992,1265896558,19.80675426056657
GA,2019,172,1.2149311572952164,24.317731182048384,1230680205,21.215603959506325
GA,2020,161,0.934377325419214,15.322842470964213,653005138,23.404704068316796
GA,2021,157,1.213351618136087,14.803187903572587,674647596,26.956047885377956
GA,2022,151,1.1225182444919537,14.639246929265427,600601903,28.838707248000194
GA,2023,146,1.495408623737043,14.81045639675496,612402177,27.701526288794348
GA,2024,144,1.4712688931749889,14.92719665884035,625925291,28.104893329734633
GA,2025,139,1.6142464879673675,15.00214723410176,640762763,27.88971920196493
GU,2018,3,0.5277367380927057,27.69717929949466,9559669,38.45274566681579
GU,2019,3,0.6082010359871849,28.05322445648098,9628644,37.46736178080229
GU,2020,3,0.04578360534967457,10.403594615713876,11145974,40.117360846939995
GU,2021,3,0.051031665733386626,11.247279656913863,13541523,45.12777986593024
GU,2022,3,-0.11026432913369166,12.193076651560768,12371295,46.54223123378989
GU,2023,3,-5.529779609885975,13.356712933112094,11231092,57.16025111616127
GU,2024,2,0.8266049476209238,20.839016252825402,10919472,47.139477659717535
GU,2025,2,0.6565921425607497,21.35840059549877,11876974,48.89223279381471
HI,2018,8,0.9566157032170738,16.060320961975684,213968821,27.041122957200557
HI,2019,8,1.0704657152401729,15.72601472213043,218737448,27.642566401313246
HI,2020,8,0.5845499734265135,15.057711049860059,239937536,28.6010656853355
HI,2021,8,0.9760192991222644,16.43739182726072,267884852,31.655626948948175
HI,2022,7,0.661446502617314,16.775148998171403,273770585,33.1365633923766
HI,2023,7,0.7438568006958132,16.393107743578067,278848897,33.27669503311731
HI,2024,7,0.6507341461395224,17.05743286924208,271437839,33.75779408099363
HI,2025,7,0.3451024742194585,15.862214565266749,265039639,35.6979273593891
IA,2018,295,1.262577512600606,19.900092502795072,341788717,19.307508507046983
IA,2019,286,1.249474512839052,19.918064321732324,359051972,20.056584591585857
IA,2020,272,1.1918964720614085,9.42237293120173,401567325,21.55374480127958
IA,2021,267,1.3636224491942421,9.652191624004713,447655131,23.508689881538213
IA,2022,257,1.1554030502163632,9.76617613644215,473603630,25.610019874653407
IA,2023,249,0.9750058718232368,9.472929782409043,489477130,24.126491588957236
IA,2024,239,1.3121221956347613,9.118409381980129,505211098,24.13067723229397
IA,2025,234,1.149502524422237,8.61771825166229,521318720,24.550396193734898
ID,2018,13,1.099654994843983,15.957664309291081,25538345,25.257218583673083
ID,2019,13,1.2825336616107794,16.535949121501975,25113207,26.332197712327037
ID,2020,11,1.0538717531081647,12.504436991745115,31992584,28.43789021707533
ID,2021,11,1.206171237747229,12.580881609001665,38326716,32.330722990968546
ID,2022,11,0.9858231202426253,12.437047756793588,41621342,34.13745285883189
ID,2023,11,1.2798317563087613,11.600878250266181,44290495,30.526361124701722
ID,2024,11,1.232351402121638,12.098803076347536,47566399,29.473718899265986
ID,2025,11,1.3330198424093627,12.64960256973995,47355431,29.261467486319717
IL,2018,453,0.9381311939138106,29.16345874212063,2017026762,16.129800820986095
IL,2019,434,0.9760030917258803,28.367198473094913,2049111321,16.55675492719887
IL,2020,413,0.8853566732382326,44.477828939349166,2352003030,18.202039096235605
IL,2021,402,1.0469693926429253,23.661302309547406,2526255927,20.810542613593082
IL,2022,388,0.8545572355652089,18.45551648734922,2460399983,22.62522369570788
IL,2023,375,1.013820306209185,16.399879766920712,2847514247,21.834791130345973
IL,2024,360,0.9362700610969754,16.49802156018889,2924860713,21.941367131287063
IL,2025,348,1.0555542427734088,16.625790535166587,3015664654,22.338723761642935
IN,2018,107,1.0968719332953987,24.386039180319745,378639487,22.78442245381335
IN,2019,103,1.105384305678497,24.683631442461905,415371809,23.14605857774504
IN,2020,101,1.0046801860320536,15.92957572965839,470734696,24.484148493161587
IN,2021,96,1.3963477795600912,16.223102861367433,526764517,27.05637938267617
IN,2022,93,1.060153405584476,14.8004512379728,659813769,29.02855074699926
IN,2023,93,0.8695467322890416,13.851800647552853,714212519,28.114705884345486
IN,2024,93,0.9913476240274187,14.023428866252726,759988937,28.988814750601048
IN,2025,93,1.0293677004366113,14.182476553666202,841834848,30.421535602661177
KS,2018,244,1.0721523668615691,20.406716200850294,285225829,18.81263500336748
KS,2019,233,1.0572614680092207,20.617787958624895,296428700,19.23541260043478
KS,2020,223,1.075845410107439,10.509124738950419,330073149,20.809926787464686
KS,2021,219,1.1850468106765604,10.763987017602313,355649160,22.360890798654047
KS,2022,213,0.9379853553762952,10.401871690746376,362574324,23.388625583319968
KS,2023,210,1.069340468697591,10.311197004407129,372791783,22.537575720558113
KS,2024,204,1.0428712392206274,10.259987449288811,380745579,22.56482822040757
KS,2025,198,1.1836219757732984,11.084252673650218,371100760,23.246865047884544
KY,2018,156,1.1936266515102572,20.558484264075904,238826317,14.266969366633107
KY,2019,149,1.2568262536485986,20.64944556402494,240983150,14.960022426913346
KY,2020,138,1.1298160030919067,11.380342610518381,264443033,16.77672680239628
KY,2021,131,1.1740344464248964,11.24125266754238,290432798,18.699171392747523
KY,2022,125,0.9988904197696702,10.892017563025686,293212105,20.686680379964308
KY,2023,123,0.9300611807258746,10.800641992396635,299020541,20.775151933629715
KY,2024,122,0.9671194672735907,10.76867248081186,312643194,20.95438241637675
KY,2025,121,1.1636116201545694,10.986336851488637,329256073,21.447894101766217
LA,2018,119,1.051693986444176,19.97854553922605,317123161,22.825477172174537
LA,2019,116,1.1754453054746186,20.49694336390576,328684325,23.24896610843137
LA,2020,114,0.8683442698408961,11.467082991989697,298117931,24.61846068087173
LA,2021,112,1.1449987264119377,11.331048825146137,262873026,26.374897217122772
LA,2022,111,1.0403546928894827,11.575306570571403,281243533,28.19323150007398
LA,2023,110,1.273554786893569,11.508700926635484,296842254,27.57369978049629
LA,2024,109,0.9551886806481658,10.605522342881368,306512080,27.465792051269958
LA,2025,108,1.1007783813874155,10.179463470199513,319132957,27.893393779096456
MA,2018,126,1.6239123260076158,21.4002126467221,1609198964,21.837511381710314
MA,2019,124,1.5970536223221408,22.78962369405588,1621795259,23.344742074282593
MA,2020,115,1.4628435877347061,15.253553087876307,1965065025,26.067594195478744
MA,2021,111,1.852107507459479,15.829288387459078,2053685685,28.27241236137528
MA,2022,108,1.2599273078835416,14.828221473277258,2008557511,29.227223913831363
MA,2023,103,1.3477943394659986,14.02797480482954,1985698548,27.6665075826707
MA,2024,103,1.2024217493620324,14.050463771950913,2191732118,27.9280635893361
MA,2025,101,1.291537930364524,14.035195927864923,2345384244,28.41293695218318
MD,2018,48,0.7252777805532564,20.397687781799327,178560784,16.100336076941538
MD,2019,45,0.621829680251392,20.91015146852174,180381737,17.06966963018401
MD,2020,39,0.6339847302174171,14.19892000312005,189865205,18.817791313356164
MD,2021,36,0.926217930222203,14.611203951306907,214191369,21.08632170455514
MD,2022,33,0.9744123667460359,13.849725323722904,226024998,21.439088167595553
MD,2023,32,0.9956273289535956,12.87231020286208,236429752,18.437414445645043
MD,2024,30,0.7878529153182032,13.151884169297883,243140469,18.191095594406328
MD,2025,30,0.8514008003308476,13.343306448170326,207106941,18.046537585336253
ME,2018,26,0.8619017174212288,17.28896228683506,111884711,12.899739269124739
ME,2019,26,0.9510391026115125,17.705910211627916,117729726,13.854468031589006
ME,2020,25,0.5781717916724672,13.458383531529597,130971136,15.316849644255816
ME,2021,23,1.1934152205536719,12.240617765260874,145844521,18.680834395818962
ME,2022,23,0.6468016653468015,10.463275868422173,155048974,19.645646617832373
ME,2023,23,0.6183857923834978,10.432450924641778,166703733,16.55846111402855
ME,2024,23,0.5644768891754576,11.253968841025893,173145555,16.899239263258636
ME,2025,22,0.6833649285232964,11.808993204306853,186078170,16.68443283553551
MI,2018,98,1.3232261260722136,24.9905181404706,332020329,22.016418929789427
MI,2019,94,1.3459942632660993,26.441690832729503,315515195,23.0405302048322
MI,2020,89,1.373483417791769,18.609337378963655,332700082,24.750088594040044
MI,2021,86,1.5800337448104462,20.797801028135762,354044542,28.316695694775092
MI,2022,82,1.421992168354265,33.73879491021489,317534314,29.55065798412276
MI,2023,80,1.4278848669243087,45.102726315582515,254644217,26.876339169304728
MI,2024,79,1.0817295645974259,120.68778200216597,270093928,26.586082930998618
MI,2025,78,1.926957831393269,234.41489016545395,279795036,27.391447081483133
MN,2018,306,1.2337805004725426,19.420852272684492,293561048,16.04116543637928
MN,2019,289,1.1636041431685284,18.475709615584247,306750434,16.417058127420315
MN,2020,281,1.1694134188242336,13.137314918425579,369341486,18.66004992857914
MN,2021,275,1.2999433666244486,13.854446265528201,423324424,21.140677694787936
MN,2022,265,0.9658263424880101,13.515425564952693,460659575,22.06206465535812
MN,2023,257,1.115795824064527,13.393886644796105,492465600,20.182665288981408
MN,2024,249,1.0551127797604924,13.81032853031421,499730586,19.539291083156545
MN,2025,240,1.163499241021234,13.621912538322675,464953056,19.79459244228678
MO,2018,268,1.2819699189405371,22.373359577460754,646118818,18.014679870695332
MO,2019,258,1.2968979167093282,21.823637421573903,682664079,18.553703832864496
MO,2020,249,1.3015752474189473,13.208458275224784,771510384,20.25864353286937
MO,2021,241,1.4264638646028343,13.328905691681285,896219791,22.29474776756379
MO,2022,221,1.0945513146455539,12.90429589553705,940257110,23.704201371508475
MO,2023,211,1.292709418323314,12.612785617300478,975858427,22.25633704923672
MO,2024,209,1.2598919210919968,12.51484018628923,1021783254,22.229103498382706
MO,2025,207,1.3940052401920981,11.705240843159599,1167265381,22.576710198092517
MS,2018,73,1.094069640614343,18.391589718422527,400228448,21.056697575533125
MS,2019,73,1.1026208716331312,18.633182085312477,431064287,21.778942393874782
MS,2020,71,0.9104718004690355,9.791971544264348,491184825,23.417925199529265
MS,2021,69,1.22398485569856,8.392613074719861,570821753,25.415908829710265
MS,2022,68,1.0703411956675104,7.5305712118965324,653243121,27.859509830393442
MS,2023,65,1.344089517027519,7.822685057478908,685554555,28.161351271757955
MS,2024,62,1.0713531740383284,8.208303000170408,683407304,28.951206837598047
MS,2025,61,1.0693830769397104,7.835612656878111,706631645,29.48429356090377
MT,2018,48,1.34920548552797,22.061533670018317,144587780,17.26903683762882
MT,2019,47,1.4040453305644502,21.867145213118874,159102071,18.2753223009311
MT,2020,43,1.584340167320097,15.916536981430639,191686968,22.648215454234155
MT,2021,41,1.6550946548512127,15.687009994745955,231539508,26.423580513350316
MT,2022,40,1.432940659917685,15.38774524126347,307659743,27.42388242530883
MT,2023,39,1.8074300412759272,15.102037512825843,307756892,23.70125010288222
MT,2024,37,1.5337883315434215,14.836695951460426,305698226,23.469899814409125
MT,2025,36,1.6841070233213715,14.262212626661578,306169871,24.847124596733785
NC,2018,51,0.8783050897148551,24.72568743117618,8236084305,20.19268176137863
NC,2019,48,0.7947318223666595,27.682942785276502,8651907010,21.319144034989385
NC,2020,47,0.47161339340078734,19.57085832964497,10930821439,24.418184098453075
NC,2021,47,0.8803517357485687,17.670025438662954,12056124268,27.738459089240227
NC,2022,44,0.7902612063074856,17.347716688533392,12552663061,29.171799767082682
NC,2023,44,1.3881386653594883,18.7465336470521,13211632965,27.009551011889588
NC,2024,42,1.661611909396981,22.344013265747694,13441362891,26.45665981007804
NC,2025,40,1.944842487028469,22.218294423897653,13872356545,26.69696415413702
ND,2018,76,1.2381490351629778,16.190748152619218,121269382,20.088911367472928
ND,2019,75,1.3698431541103586,16.427446251594265,134458596,20.045514202403567
ND,2020,73,1.1957491612681121,7.519807901323808,158999851,22.238442559435114
ND,2021,69,1.233689014922297,8.526733295415472,185397374,24.34615953447935
ND,2022,65,0.9697063144730282,9.028943111261254,199744987,26.978997889682407
ND,2023,64,1.2660403000595382,8.56317696957396,222002743,25.09327859799891
ND,2024,63,1.1850556802259955,8.289743778233719,235656677,24.612856899658592
ND,2025,62,1.2729998196678936,8.077476341848934,250387068,24.83734115616973
NE,2018,174,1.1581718487695194,17.19584971444366,302947044,16.34502636017167
NE,2019,168,1.1305085265153558,17.270151224603904,321386609,16.91786677624557
NE,2020,161,1.1478170075226324,7.490645546340879,320032413,18.09875283007877
NE,2021,158,1.2954470489738763,7.339626022002476,356730339,20.29578870942609
NE,2022,152,0.9495088539933785,7.659940701875885,381390223,22.29110220943591
NE,2023,149,1.1115202770405674,7.797535761967848,409171753,20.375539566637688
NE,2024,148,1.0833009751288742,7.095500548835389,433299093,19.403521008563132
NE,2025,146,1.1845802532174863,7.273745240409314,448083066,20.547677417792496
NH,2018,18,0.6414419846812572,17.358130444536062,44675569,15.659783934958881
NH,2019,18,0.6151438757209764,23.683218790625137,45322746,15.768302168401508
NH,2020,17,0.02206166326723711,14.803471237876897,51263530,18.725807381678386
NH,2021,17,0.7662904964735995,12.333038300112666,58504540,22.1209888530258
NH,2022,19,0.5614866397659668,10.999624072635859,62813529,23.62577497485717
NH,2023,19,1.1324690783731703,11.134329715704267,67408892,23.584454233763033
NH,2024,19,1.2618685995116523,10.975579600757978,69219448,22.83940951182081
NH,2025,18,2.044404598989997,9.197760733352979,66002202,22.77816799916383
NJ,2018,81,0.6996756394107475,18.84310849110256,632205357,23.232657538180774
NJ,2019,73,0.7479368939320283,19.15319541110837,654932709,23.785788642312646
NJ,2020,64,0.5141245208712555,14.877810263683534,730774830,27.336585273537306
NJ,2021,60,0.8762835986118737,14.46229253463192,774411965,30.568364120535488
NJ,2022,58,0.678671744984315,14.62662879054029,742378622,33.047591570166894
NJ,2023,55,0.8236232964675773,14.97851269903454,767872117,32.4178717647931
NJ,2024,53,0.6083821064530588,15.435980156208545,771322080,33.261111605780776
NJ,2025,51,0.6291751363176865,15.255560889138012,802329977,34.626138210477194
NM,2018,39,1.3529746398946019,28.255114092428077,53595814,31.366232932015123
NM,2019,36,1.4376593361614112,27.68625705597374,49868293,33.43656550770209
NM,2020,34,1.375006453682308,14.413035203213713,57095815,35.49140336129351
NM,2021,34,1.39824489482559,12.74337923145928,66134214,36.94700084344938
NM,2022,34,1.353943176305498,11.588673445934985,70309984,38.53315771192467
NM,2023,32,1.6684603349928693,13.226923578025282,65818223,36.69448861862832
NM,2024,29,1.7846676380900284,14.802512462108336,61870817,37.171388508238856
NM,2025,29,1.82045532297747,19.644923327965927,64229925,37.88784710562769
NV,2018,19,5.308631353799237,51.69753950729578,987855169,31.626642996696177
NV,2019,20,4.587598745000735,46.59422473746954,1039754870,32.454019699178986
NV,2020,17,3.7801897218564107,19.001705934326065,191149900,33.15595284338673
NV,2021,17,4.407207336806035,21.27190002183676,197530996,34.664822499734434
NV,2022,17,5.083214673903405,19.838242617276535,248814575,33.64462380126966
NV,2023,18,2.275998433600634,30.32371879688573,225620610,31.670615022129848
NV,2024,18,1.8244112551288763,33.231963047779956,173641512,32.525430664176
NV,2025,17,3.0667488071658027,29.540745058753934,184939136,34.580479304601624
NY,2018,162,1.0526208807464452,35.17404403331025,4632154816,27.274071060363113
NY,2019,159,0.8490072926383503,39.54352541425556,4918395018,27.21155909031574
NY,2020,155,0.7558132269143611,29.091408270783123,5883520946,29.708705581148937
NY,2021,148,1.1401298090969203,30.54039165879633,6736125774,32.13416664145783
NY,2022,145,1.0210167342349887,31.638612706279453,7510281901,32.65250407455376
NY,2023,138,1.1739331677178562,32.56628155153247,7425429997,29.807078116700517
NY,2024,136,1.065071349182328,30.80574336864431,7705991308,29.604000099970058
NY,2025,133,1.0507187399982738,31.61372116450501,8285783683,29.48412501004139
OH,2018,191,3.10723189720982,27.43618430983574,12548011266,16.859812334058383
OH,2019,185,3.5955398154509504,28.656296633333564,13339343066,17.62910170785968
OH,2020,179,3.3204930109795723,22.673347752035827,15956277877,19.444366034682947
OH,2021,180,4.050041067033118,20.298678702288704,17916523954,21.625652801729604
OH,2022,177,4.644461557712286,20.687329569595523,18525497271,22.90533293683583
OH,2023,173,3.8221727421085836,21.82015125667504,18926644237,21.020345702826162
OH,2024,172,3.3541583237381847,19.785505182508686,19712014464,21.66258213059747
OH,2025,166,3.877163850855849,18.15038398406133,20689292388,22.154526845106428
OK,2018,206,1.2761219646376278,18.655180704097198,468455185,20.817117949776964
OK,2019,202,1.1302291085416034,19.173074866830568,534372846,21.719041309151407
OK,2020,193,1.1645387638403017,9.190443261183944,612934876,22.485570486952387
OK,2021,190,1.3843025046744537,9.279911658159175,680875182,24.736221501991402
OK,2022,181,1.1512922947859954,9.639067776490176,700632042,26.343863845050983
OK,2023,178,1.20032379910382,9.917280014988789,744233045,25.05963870760732
OK,2024,179,1.2449771939833156,10.552746793720349,775959265,24.168381196353035
OK,2025,177,1.4884359659637956,10.303543524639924,808246119,24.380299213979715
OR,2018,20,1.3753944233077353,42.83895415519024,127318864,21.434567783810117
OR,2019,18,1.431990409461209,46.89575968759653,135436574,23.603524148031394
OR,2020,17,0.6580689654487903,38.16719860792091,143761067,27.04235881866316
OR,2021,16,1.8305755188427586,41.57978703754248,155804687,30.9642442569039
OR,2022,16,1.6103221887638857,30.842886627999402,164920498,31.467771958064358
OR,2023,16,1.8196909618728971,31.626304068356816,253582627,26.419191175124737
OR,2024,16,1.9864956850294364,33.97036726390935,252465795,24.674371697172113
OR,2025,16,1.7617334479556959,35.99236174584424,282609653,26.016382514952426
PA,2018,158,1.8307296906529729,27.173817456981066,1018539027,18.43601203360135
PA,2019,149,1.7100808381740136,26.804705161797877,936061626,19.276593345488006
PA,2020,144,1.3464808828517514,17.12238449749287,1092745030,21.245862534951677
PA,2021,140,1.791636795312293,17.97173944038413,1186104394,23.720111946915605
PA,2022,135,1.6464107196289783,18.41171430112062,1202863862,24.454850793277807
PA,2023,131,1.4736486212865822,18.354946971167813,1256572081,22.86820064692276
PA,2024,125,1.468389372429785,18.589476182145773,1284272364,22.34720379833039
PA,2025,122,1.7096054613161125,18.253572000419723,1332007794,22.941988629607927
PR,2018,5,1.162151771210153,28.909769854934474,262122207,35.65106147014095
PR,2019,5,1.3827468876561535,28.74868459736587,276061227,37.22106269818652
PR,2020,4,0.569994069518091,21.94908922877508,319873198,41.25760732075789
PR,2021,3,1.36443026435804,17.82006109088294,368932113,48.278770281506304
PR,2022,3,1.4553994665338197,16.867556792364592,350999790,47.56973722688599
PR,2023,4,-0.9790553054831488,241.91782055197035,344730792,48.09084697655227
PR,2024,4,-0.7169815533211771,61.48026896850877,352287867,62.32760908032359
PR,2025,4,0.33142071687394326,29.312356159168043,365139435,58.08635027613161
RI,2018,9,1.817167835529555,17.208361340277456,546622348,19.41022551734985
RI,2019,8,1.9149973622954315,18.114668704731848,699518647,22.004281020808804
RI,2020,8,0.34828867580437856,8.640215316352352,771262574,22.74180366415654
RI,2021,7,1.6635273571087528,9.879697374181491,801808364,24.228710003860925
RI,2022,8,1.4876264599799176,10.070392166080412,925848283,24.775280930472142
RI,2023,7,0.19592359348386856,9.483638518917948,954360903,22.521438273943335
RI,2024,7,-0.5836439530140954,9.395925504207279,942606644,24.568445040136698
RI,2025,7,0.18442024209359845,9.433344612074835,945124622,25.32782813545259
SC,2018,53,0.7557922426494316,25.903142180679993,147926058,16.031101834659143
SC,2019,49,0.8307893648829394,23.96865640743418,156265277,17.38178261293294
SC,2020,47,0.8245254832100267,16.934818899584446,110792672,19.089746715794302
SC,2021,47,0.8460547738063557,14.972255159742048,146918138,22.55572274597234
SC,2022,47,0.6194304379265635,14.971939137188384,215712376,25.370678907388033
SC,2023,45,0.9527097326211226,14.65149768179765,228502904,22.882833421945755
SC,2024,44,0.8153679533190209,13.866232218094916,237557125,23.441423919898472
SC,2025,43,0.9152274750462834,13.822919448913645,247931909,23.1706237809985
SD,2018,70,1.46692418981672,23.62732317394501,12623059896,22.68272128333965
SD,2019,64,1.3865034901349038,24.26591290135037,12918221791,23.932409482642015
SD,2020,63,1.3663945017917707,21.885244652354327,14015908458,25.794235419956326
SD,2021,62,2.759846599058888,25.704275368943147,14097625096,28.848142714278552
SD,2022,60,1.2543777164233396,21.77433219106256,13984552928,29.990784925453298
SD,2023,60,1.8896721127080802,19.95569400942964,13759475015,26.417100452635793
SD,2024,59,2.190512685505956,19.430752959799218,13895500335,26.124952621322983
SD,2025,59,2.024519785820989,20.131351456463427,14554263003,25.90369230651641
TN,2018,149,1.0675127171107064,24.496055976470526,535399175,19.52221799353043
TN,2019,143,1.0239009608468372,18.129632140723007,560297386,19.8246184358384
TN,2020,137,0.9703987674604729,11.327162576713123,714121181,21.53708628812961
TN,2021,131,1.0827537798089018,15.86455889840834,854812255,24.558608468007666
TN,2022,123,0.993513986469223,10.862098825042429,858566046,26.26288816822555
TN,2023,123,1.0548912107404147,10.55836767927016,899689621,23.70876474359316
TN,2024,122,0.9210467841966501,10.626550932737304,920001563,23.57009950033519
TN,2025,116,0.9927637380290605,10.953359007452912,965329500,24.475234169040288
TX,2018,453,1.3630043892805994,21.92458968327106,2016183000,26.771697347380737
TX,2019,435,1.394841820311781,22.585206211776093,2131323078,27.52525156949326
TX,2020,418,1.2182307522778493,15.235733716915943,3779363292,29.12265643762819
TX,2021,409,1.3629414761468845,14.13588382243968,4418117292,32.01306852553524
TX,2022,401,1.2067127104222977,14.848399320703827,4525506149,33.860986459804906
TX,2023,391,1.4000692285346366,14.930981517116582,4271784618,31.438076965939548
TX,2024,388,1.2634805263291267,14.662566931320718,3786738900,30.928444348482568
TX,2025,377,1.2863627518140541,15.01872479078503,3513052729,31.907570923649928
UT,2018,44,2.0252481590876377,25.69194497036534,2775315300,17.488293392518464
UT,2019,41,3.0097558900230323,30.91703479572012,2942553332,18.460904742122686
UT,2020,42,1.1405329729049365,26.988365173579098,3286328621,20.260316473041527
UT,2021,45,1.818933311112154,35.69203010203438,3464023085,25.13894725423352
UT,2022,43,2.4019244451856663,22.900139563060964,3751390759,25.260686537409605
UT,2023,42,2.3462319657399453,25.891338772815544,4058224597,21.692677363943336
UT,2024,42,2.1980114075737984,26.433551250954263,4275921744,20.32265795051828
UT,2025,43,2.023161067004888,24.443128565195988,4557385226,20.93336373203194
VA,2018,78,1.0157332664163223,45.12907342644338,2927672930,21.57949205554406
VA,2019,75,1.0187092972668936,26.116396630512966,3047691306,23.15501195474947
VA,2020,71,0.7488416206799979,19.99693730491323,3371045096,25.812598863787453
VA,2021,70,1.1598387541468835,28.23875288974723,3559983772,29.299634553659264
VA,2022,65,1.0260464148528734,17.482884937784586,3173738034,31.633189908204873
VA,2023,63,0.8287028720500329,18.10330118809867,3056179587,27.187333514327637
VA,2024,62,0.7739289202065035,18.55789115096844,3122443798,26.068381733873732
VA,2025,59,0.9799013217263642,20.498669139397514,3723839637,26.31487879962804
VI,2018,1,1.2899463551599448,17.280635327341624,877398,40.74076595995815
VI,2019,1,1.7802812466747249,21.286341562759063,1032174,47.398711606521545
VI,2020,1,1.5628088316066464,5.456052773910962,1165322,47.27228682863229
VI,2021,1,1.5533295673926486,0.0,1465263,53.8583982151028
VI,2022,1,2.413282349293734,14.389698103498475,1912338,56.18566329273273
VI,2023,1,2.2619593090173833,5.255549514195882,1870466,41.795977011263055
VI,2024,1,2.2404403533842743,0.0,1886577,37.4927118040691
VI,2025,1,1.782449554968152,0.0,1960179,30.190509990119807
VT,2018,11,0.7945895121733944,15.576037238986304,20177586,12.711788894386784
VT,2019,11,0.9196951375202871,15.935678333024446,21170464,12.980374024714367
VT,2020,11,0.7699971765688033,11.915008455215483,24649152,14.446328259922984
VT,2021,11,0.9427271430119252,14.011503615270705,28290147,17.500805524682132
VT,2022,12,0.5429180741651274,13.30709771203916,29595070,21.873555293065316
VT,2023,12,0.5612682742461733,12.652656507440023,30933960,19.59948230707346
VT,2024,12,0.6071880060042841,12.781607213592231,33055580,17.7271802441439
VT,2025,12,0.739957915815903,13.953951252033015,34903371,18.578054047330173
WA,2018,46,1.104797439124407,18.64318471374699,318615362,24.54622238756701
WA,2019,41,1.2213743849640264,19.950212690905136,330445739,25.02701599584399
WA,2020,41,0.9012881141984787,11.354139109507273,384133424,27.210847462273698
WA,2021,40,0.9732436879292523,13.571850389338431,437924022,31.148125999953674
WA,2022,41,0.44334150556556284,14.516194250200659,463053203,32.44865694921577
WA,2023,40,0.7718868135185158,14.615169787695773,392480176,27.464294845413583
WA,2024,38,0.6174604357771889,15.648480432554043,415623547,27.225587685282278
WA,2025,36,0.6664297624727451,10.858470451312419,384747408,28.08513229769149
WI,2018,211,1.2843811400244807,20.89503143586368,459621186,17.848434610266146
WI,2019,201,1.333499023628479,20.662527379526384,471541268,18.66077645104181
WI,2020,187,1.4903928474688428,13.64221114941583,520864514,20.642767237857836
WI,2021,179,1.7794597480065915,12.915715280538892,560591989,22.910378658500072
WI,2022,175,1.7675032924193894,12.881863948005497,587619320,23.62060235405412
WI,2023,167,1.2537047607024743,12.58050212458799,608500039,21.720964591808322
WI,2024,162,1.3785315540828045,11.736453714322796,626197482,22.087589506557737
WI,2025,159,1.5121137099429969,9.977298575757986,657064935,23.031688489336933
WV,2018,55,1.2928806092838137,23.507233066430626,124545265,13.59837763148754
WV,2019,51,1.3419307945951264,22.993852363730955,134964083,13.674503112402647
WV,2020,49,1.1399561022393379,9.601393927158433,155784025,14.115168730508326
WV,2021,48,1.6465163168656614,7.588042324454447,166616380,15.582724071450361
WV,2022,47,1.3945358241595072,7.48392003334361,169029299,17.40124766823603
WV,2023,47,1.315741779556013,7.670364076608581,178052307,17.964928702581773
WV,2024,47,1.3408634090836051,7.449093023617409,169778025,17.029509852726367
WV,2025,45,1.503733239152179,7.704291158624106,204000008,17.526884875643706
WY,2018,31,0.9842381193155981,18.98064785361378,34221997,24.084688992824603
WY,2019,31,0.9354609698626293,19.427948568095623,36092597,24.901489298736255
WY,2020,30,1.0752893723279888,14.276912293193483,41948761,26.879678507619357
WY,2021,30,1.193814382028054,13.885515820211996,47576172,28.56379371278848
WY,2022,28,0.8863370350404839,13.762424651544578,44683861,30.300615489207075
WY,2023,27,0.8728696353138881,15.636675770694339,40340772,29.30045687695346
WY,2024,26,0.7108913635590692,16.332491705383845,41318356,28.304914072079157
WY,2025,26,0.8302343391303499,14.310996386363179,42130931,28.354561737833418
